201	206
206	213
206	207
207	202
202	208
202	203
203	204
204	211
211	210
204	205
205	209
204	212
212	216
216	218
218	224
224	223
218	215
215	214
216	225
225	220
220	219
220	221
221	222
222	217
222	103
103	105
105	101
105	109
109	108
103	106
106	104
104	102
106	107
107	110
110	111
111	113
110	112
112	115
112	114
114	116
116	117
117	120
120	119
117	118
118	121
121	301
301	302
301	303
303	306
306	304
304	305
305	308
304	309
309	311
311	310
306	307
307	313
313	314
313	312
312	315
315	316
315	321
321	320
321	322
315	318
318	317
317	319
113	409
409	411
411	414
409	405
405	403
405	408
408	406
408	413
413	416
416	418
416	419
419	417
419	420
408	402
402	401
401	404
404	407
407	412
412	410
412	415
415	502
502	501
502	503
503	504
504	508
508	507
508	511
511	512
511	514
514	515
508	509
509	505
505	506
509	510
509	513
513	516